Sex,Age,Time_at_add,Res_status,Telephone,Occupation,Job_status,Time_employed,Time_bank,Liab_ref,Acc_ref,Home_Expn,Balance,Decision
M,50.75,0.58,owner,given,unemploye,unemploye,0,0,f,given,145,0,reject
M,19.67,10.00,rent,not_given,labourer,governmen,0,0,t,given,140,0,reject
F,52.83,15.00,owner,given,creative_,private_s,5,14,f,given,0,2200,accept
M,22.67,2.54,rent,not_given,creative_,governmen,2,0,f,given,0,0,accept
M,29.25,13.00,owner,given,driver,governmen,0,0,f,given,228,0,reject
F,16.08,0.33,owner,given,unemploye,unemploye,0,1,f,given,160,126,reject
M,23.17,11.12,owner,given,professio,governmen,0,1,f,given,100,0,accept
F,27.58,3.00,owner,given,manager,private_s,2,1,t,given,280,10,reject
F,19.17,5.41,owner,given,guard_etc,governmen,0,0,f,given,80,484,reject
F,27.25,0.29,owner,given,manager,governmen,0,1,t,given,272,108,reject
M,34.50,4.04,rent,not_given,guard_etc,self_empl,8,7,t,given,195,0,accept
M,20.00,1.25,rent,not_given,labourer,private_s,0,0,f,given,140,4,reject
M,34.42,1.33,owner,given,guard_etc,self_empl,0,0,t,given,440,4500,reject
M,41.00,0.04,owner,given,executive,private_s,0,1,f,oth_inst_,560,0,accept
F,24.75,3.00,owner,given,office_st,governmen,1,19,f,given,0,500,accept
F,38.25,6.00,owner,given,labourer,private_s,1,0,t,given,0,0,accept
M,28.00,2.00,owner,given,labourer,governmen,4,2,t,given,181,0,accept
F,27.67,2.04,owner,given,productio,private_s,0,0,t,given,180,50,reject
F,22.50,0.41,owner,given,guard_etc,private_s,0,0,t,oth_inst_,144,0,reject
F,22.42,5.66,owner,given,office_st,private_s,2,7,f,given,129,3257,accept
M,23.25,1.50,owner,given,office_st,private_s,2,3,t,given,0,582,accept
M,16.92,0.33,rent,not_given,labourer,private_s,0,0,f,oth_inst_,200,0,reject
M,29.92,1.83,owner,given,creative_,governmen,4,0,f,given,260,200,accept
M,27.83,1.00,rent,not_given,driver,governmen,3,0,f,given,176,537,reject
M,34.25,3.00,owner,given,semi_pro,governmen,7,0,t,given,0,0,accept
M,33.00,2.50,rent,not_given,productio,private_s,7,0,t,given,280,0,reject
M,28.75,1.16,owner,given,labourer,private_s,0,0,f,oth_inst_,280,0,reject
M,55.92,11.50,owner,given,unemploye,unemploye,5,5,f,given,0,8851,accept
M,34.42,4.25,owner,given,guard_etc,self_empl,3,2,f,given,274,610,accept
F,51.92,6.50,owner,given,guard_etc,self_empl,3,0,t,given,73,0,reject
M,38.25,10.12,rent,not_given,labourer,private_s,0,0,f,given,160,0,reject
M,47.17,5.83,owner,given,productio,private_s,5,0,f,given,465,150,reject
M,39.17,1.71,owner,given,professio,private_s,0,5,t,given,480,0,accept
M,48.08,6.04,owner,given,labourer,private_s,0,0,f,given,0,2690,accept
F,24.75,13.66,owner,given,office_st,governmen,1,0,f,given,280,1,reject
M,27.83,1.50,owner,given,productio,private_s,2,1,t,given,100,3,reject
M,36.17,18.12,owner,given,productio,private_s,0,0,f,given,320,3552,reject
F,16.50,1.25,owner,given,office_st,private_s,0,1,f,given,108,98,reject
M,19.17,0.00,rent,not_given,manager,self_empl,0,0,t,oth_inst_,500,1,accept
M,36.25,5.00,owner,given,creative_,self_empl,2,6,f,given,0,367,accept
M,18.58,5.71,owner,given,driver,private_s,0,0,f,given,120,0,reject
F,49.00,1.50,owner,given,labourer,private_s,0,0,t,given,100,27,reject
M,23.25,12.62,owner,given,creative_,private_s,0,2,f,given,0,5552,reject
M,26.83,0.54,owner,given,labourer,unemploye,0,0,f,given,100,0,reject
M,18.83,3.54,rent,not_given,unemploye,unemploye,0,0,t,given,180,1,reject
M,24.58,1.25,owner,given,creative_,private_s,0,0,f,given,110,0,reject
M,39.58,13.91,owner,given,productio,private_s,8,6,t,given,70,0,accept
F,25.25,12.50,owner,given,driver,private_s,1,0,t,given,180,1062,reject
M,28.58,3.62,owner,given,sales,private_s,0,0,t,given,100,0,reject
M,20.08,0.25,owner,given,office_st,private_s,0,0,f,given,200,0,reject
M,62.50,12.75,rent,not_given,creative_,governmen,5,0,f,given,112,0,reject
F,18.92,9.00,owner,given,sales,private_s,0,2,f,given,88,591,accept
F,28.67,1.04,owner,given,creative_,private_s,2,5,t,given,300,1430,accept
F,25.00,12.33,owner,given,semi_pro,governmen,3,6,f,given,400,458,accept
M,41.58,1.75,owner,given,labourer,private_s,0,0,f,given,160,0,reject
F,20.83,3.00,owner,given,sales,private_s,0,0,f,given,100,0,accept
M,37.50,1.12,rent,not_given,driver,private_s,1,0,t,given,431,0,accept
F,56.83,4.25,rent,not_given,unemploye,unemploye,5,0,t,given,0,4,reject
M,36.33,2.12,rent,not_given,productio,private_s,0,1,f,given,50,1187,accept
F,22.67,0.33,owner,given,office_st,private_s,0,0,f,oth_inst_,160,0,reject
M,39.58,5.00,owner,given,unemploye,unemploye,0,2,f,given,17,1,reject
M,48.58,6.50,owner,given,office_st,governmen,6,0,t,given,350,0,accept
F,60.92,5.00,owner,given,sales,private_s,4,4,f,given,0,99,accept
M,33.17,1.00,owner,given,professio,private_s,0,7,t,given,340,4071,accept
M,23.08,2.50,owner,given,unemploye,unemploye,0,0,t,given,100,4208,reject
F,47.75,8.00,owner,given,creative_,private_s,7,6,t,given,0,1260,accept
F,28.58,3.75,owner,given,creative_,private_s,0,1,t,given,40,154,reject
M,26.67,1.75,rent,not_given,creative_,private_s,1,5,t,given,160,5777,accept
F,17.58,9.00,owner,given,sales,private_s,1,0,t,given,0,0,accept
M,36.67,4.41,rent,not_given,labourer,private_s,0,10,t,given,320,0,accept
F,68.67,15.00,owner,given,executive,retired,0,14,f,given,0,3376,accept
M,22.92,3.16,rent,not_given,creative_,private_s,0,0,f,given,160,1058,reject
M,18.42,10.41,rent,not_given,sales,private_s,0,0,f,given,120,375,reject
M,24.08,0.87,owner,given,manager,private_s,0,4,f,given,254,1950,reject
F,17.92,10.21,owner,given,unemploye,unemploye,0,0,f,given,0,50,reject
M,18.83,0.41,rent,not_given,creative_,private_s,0,1,f,given,200,1,reject
M,27.58,3.25,rent,not_given,office_st,governmen,5,2,t,given,369,1,reject
M,25.75,0.50,owner,given,creative_,private_s,1,5,t,given,312,0,accept
M,27.83,1.50,owner,given,productio,private_s,2,11,t,given,434,35,accept
M,40.58,5.00,owner,given,creative_,private_s,5,7,f,given,0,3065,accept
F,28.42,3.50,owner,given,productio,private_s,0,0,f,oth_inst_,280,0,accept
F,65.17,14.00,owner,given,unemploye,unemploye,0,11,t,given,0,1400,accept
M,26.17,0.25,owner,given,guard_etc,self_empl,0,0,t,given,0,0,accept
M,32.42,3.00,owner,given,driver,private_s,0,0,t,given,120,0,reject
M,31.42,15.50,owner,given,creative_,private_s,0,0,f,given,120,0,reject
F,30.67,12.00,owner,given,creative_,private_s,2,1,f,given,220,19,accept
M,19.42,6.50,owner,given,productio,governmen,1,7,f,given,80,2954,accept
M,27.00,0.75,owner,given,creative_,governmen,4,3,t,given,312,150,accept
M,31.08,1.50,rent,not_given,productio,private_s,0,0,f,oth_inst_,160,0,reject
F,20.08,1.25,owner,given,creative_,private_s,0,0,f,given,0,0,reject
M,32.00,1.75,rent,not_given,executive,governmen,0,0,t,given,393,0,accept
M,23.17,0.00,owner,given,semi_pro,private_s,0,0,f,given,0,0,accept
F,36.75,4.71,owner,given,unemploye,unemploye,0,0,f,given,160,0,reject
M,28.92,0.37,owner,given,creative_,private_s,0,0,f,given,220,140,reject
M,22.17,12.12,owner,given,creative_,private_s,3,2,t,given,180,173,reject
M,44.00,2.00,owner,given,manager,private_s,1,2,t,given,0,15,accept
F,39.08,4.00,owner,given,creative_,private_s,3,0,f,given,480,0,reject
F,30.42,1.37,owner,given,productio,governmen,0,3,f,given,0,33,reject
M,33.50,1.75,owner,given,professio,governmen,4,4,t,given,253,857,accept
M,39.25,9.50,owner,given,manager,private_s,6,14,f,given,240,4607,accept
F,30.50,6.50,owner,given,creative_,self_empl,4,7,t,given,0,3065,accept
F,41.33,1.00,owner,given,guard_etc,self_empl,2,0,t,given,0,300,accept
F,57.08,0.33,owner,given,guard_etc,self_empl,1,0,t,given,252,2197,reject
M,21.33,10.50,owner,given,creative_,private_s,3,0,t,given,0,0,accept
F,24.08,0.50,owner,given,office_st,governmen,1,1,f,given,0,678,accept
M,26.67,4.25,owner,given,semi_pro,private_s,4,1,t,given,120,0,accept
M,69.17,9.00,owner,given,unemploye,unemploye,4,1,f,given,70,6,reject
F,21.92,11.66,owner,given,labourer,governmen,0,0,f,given,320,5,reject
M,29.58,4.75,owner,given,manager,private_s,2,1,t,given,460,68,reject
M,26.92,2.25,owner,given,guard_etc,self_empl,0,0,t,given,640,4000,reject
M,16.08,0.75,owner,given,creative_,private_s,1,5,t,given,352,690,accept
M,31.83,0.04,rent,not_given,manager,private_s,0,0,f,given,0,0,reject
M,16.25,0.83,owner,given,manager,private_s,0,0,f,oth_inst_,200,0,reject
M,24.33,6.62,rent,not_given,driver,private_s,5,0,t,oth_inst_,100,0,accept
M,15.17,7.00,owner,given,executive,private_s,1,0,f,given,600,0,reject
M,21.08,4.12,rent,not_given,guard_etc,governmen,0,0,f,given,140,100,reject
M,51.83,2.04,rent,not_given,unemploye,unemploye,1,0,f,given,120,1,reject
M,20.50,2.41,owner,given,creative_,private_s,2,11,t,given,200,3000,accept
M,37.50,0.83,owner,given,executive,private_s,0,0,f,given,120,5,reject
M,16.50,0.12,owner,given,creative_,private_s,0,0,f,given,132,0,reject
M,30.17,0.50,owner,given,creative_,private_s,1,11,f,given,32,540,accept
M,34.00,5.08,rent,not_given,guard_etc,self_empl,1,0,t,given,480,0,reject
F,41.58,1.04,owner,given,sales,private_s,0,0,f,given,240,237,reject
F,46.67,0.46,owner,given,semi_pro,governmen,0,11,t,given,440,6,accept
F,26.08,8.66,owner,given,sales,private_s,1,0,f,given,160,150,accept
M,22.50,11.50,rent,not_given,manager,private_s,1,0,t,given,0,4000,reject
M,19.42,1.50,rent,not_given,semi_pro,private_s,2,0,t,given,100,20,reject
F,25.17,2.87,owner,given,professio,governmen,0,0,f,given,360,0,accept
M,27.00,1.50,rent,not_given,productio,private_s,0,0,t,given,260,1065,accept
M,22.67,0.16,owner,given,creative_,private_s,2,0,t,oth_inst_,0,0,accept
M,18.83,0.00,owner,given,office_st,private_s,0,0,f,given,160,1,reject
M,34.17,1.54,owner,given,semi_pro,private_s,1,1,t,given,520,50000,accept
M,20.67,0.83,rent,not_given,creative_,private_s,2,0,t,oth_inst_,240,0,reject
F,28.50,3.04,rent,not_given,professio,governmen,2,1,f,given,70,0,accept
F,17.83,11.00,owner,given,professio,governmen,1,11,f,given,0,3000,accept
F,37.33,2.50,owner,given,guard_etc,governmen,0,0,f,given,260,246,reject
M,24.17,0.87,owner,given,office_st,private_s,4,2,t,given,520,2000,accept
F,35.17,3.75,owner,given,unemploye,unemploye,0,6,f,given,0,200,reject
M,35.58,0.75,owner,given,labourer,private_s,1,0,t,given,231,0,reject
M,39.00,5.00,owner,given,semi_pro,private_s,3,10,t,given,0,0,accept
F,19.67,0.21,owner,given,office_st,governmen,0,11,f,given,80,99,accept
M,33.58,2.75,owner,given,manager,private_s,4,6,f,given,204,0,accept
F,50.08,12.54,owner,given,sales,private_s,2,3,t,given,156,0,accept
M,22.25,9.00,owner,given,sales,private_s,0,0,f,given,0,0,reject
M,22.67,0.75,owner,given,guard_etc,private_s,1,1,t,given,400,9,reject
M,23.50,3.16,rent,not_given,labourer,private_s,0,1,t,given,280,80,reject
M,23.58,1.79,owner,given,creative_,private_s,0,0,t,given,136,1,reject
F,16.92,0.50,owner,given,guard_etc,private_s,0,6,t,given,240,35,reject
M,40.00,6.50,owner,given,sales,self_empl,3,1,f,given,0,500,accept
M,36.42,0.75,rent,not_given,driver,private_s,0,0,f,given,240,3,reject
M,29.58,4.50,owner,given,productio,private_s,7,2,t,given,330,0,accept
M,31.25,2.83,owner,given,unemploye,unemploye,0,5,f,given,176,146,reject
M,42.00,9.79,owner,given,professio,governmen,7,8,f,given,0,0,accept
M,20.67,5.29,owner,given,office_st,private_s,0,1,f,given,160,0,reject
M,43.25,25.21,owner,given,office_st,governmen,0,1,f,given,760,90,reject
M,27.58,2.04,rent,not_given,sales,private_s,2,3,t,given,370,560,accept
F,23.58,0.83,owner,given,office_st,private_s,0,1,t,given,200,11,reject
M,34.08,2.50,owner,given,creative_,private_s,1,0,f,given,460,16,reject
M,34.08,6.50,owner,given,sales,private_s,0,0,t,given,443,0,reject
F,22.67,0.79,owner,given,guard_etc,private_s,0,0,f,given,144,0,reject
M,42.50,4.91,rent,not_given,productio,private_s,3,0,t,given,52,1442,accept
F,36.00,1.00,owner,given,creative_,private_s,2,11,f,given,0,456,accept
F,20.67,3.00,owner,given,office_st,private_s,0,3,f,given,100,6,accept
M,21.33,7.50,owner,given,sales,private_s,1,1,f,given,80,9800,accept
M,22.00,0.79,owner,given,productio,private_s,0,1,f,given,420,283,reject
M,29.83,1.25,rent,not_given,labourer,private_s,0,0,f,given,224,0,reject
M,34.17,5.25,owner,given,productio,private_s,0,0,t,given,290,6,accept
F,23.58,11.50,rent,not_given,labourer,governmen,3,0,t,given,20,16,reject
F,33.75,0.75,owner,given,labourer,self_empl,1,3,t,given,212,0,reject
M,39.42,1.71,rent,not_given,manager,private_s,0,0,f,oth_inst_,400,0,reject
F,30.25,5.50,owner,given,labourer,private_s,5,0,t,oth_inst_,100,0,reject
M,40.92,2.25,rent,not_given,professio,governmen,10,0,t,given,176,0,reject
M,20.25,9.96,owner,given,executive,student,0,0,f,given,0,0,accept
M,25.08,1.71,owner,given,professio,private_s,1,1,t,given,395,20,accept
M,28.25,5.12,owner,given,professio,private_s,4,2,f,given,420,7,accept
M,28.25,5.04,rent,not_given,creative_,self_empl,1,8,t,given,144,7,accept
M,53.92,9.62,owner,given,executive,private_s,8,5,f,given,0,0,accept
F,33.08,1.62,owner,given,driver,private_s,0,0,t,given,0,0,reject
M,22.08,2.33,owner,given,labourer,private_s,0,0,f,given,180,0,reject
F,22.92,1.25,owner,given,office_st,private_s,0,0,t,given,120,809,reject
F,41.17,6.50,owner,given,office_st,private_s,0,3,t,given,145,0,accept
F,18.42,9.25,owner,given,office_st,private_s,1,4,f,given,60,540,accept
F,47.42,8.00,owner,given,executive,self_empl,6,6,f,given,375,51100,accept
F,21.75,1.75,rent,not_given,labourer,private_s,0,0,f,given,160,0,reject
F,35.42,12.00,owner,given,office_st,governmen,14,8,f,given,0,6590,accept
F,24.83,4.50,owner,given,productio,private_s,1,0,t,given,360,6,reject
M,41.17,1.25,rent,not_given,productio,private_s,0,0,f,given,0,195,reject
M,56.00,12.50,owner,given,labourer,governmen,8,0,t,given,24,2028,accept
M,18.33,1.21,rent,not_given,executive,student,0,0,f,given,100,0,reject
F,24.75,12.50,owner,given,sales,private_s,1,12,t,given,120,567,accept
M,19.58,0.58,owner,given,unemploye,unemploye,0,3,f,given,350,769,reject
M,48.08,3.75,owner,given,guard_etc,self_empl,1,0,f,given,100,2,reject
F,19.75,0.75,owner,given,creative_,private_s,0,5,t,given,140,5,reject
F,20.75,9.54,owner,given,guard_etc,private_s,0,0,f,given,200,1000,reject
M,31.92,4.46,owner,given,semi_pro,governmen,6,3,f,given,311,300,accept
F,32.33,0.54,owner,given,semi_pro,private_s,0,0,f,given,440,11177,accept
M,19.17,9.50,owner,given,productio,private_s,1,0,f,given,120,2206,accept
M,35.17,2.50,owner,given,labourer,private_s,4,7,f,given,150,1270,accept
M,28.00,3.00,owner,given,productio,private_s,0,0,t,given,300,67,reject
F,15.83,0.58,owner,given,creative_,governmen,1,2,f,given,100,0,accept
F,23.50,1.50,owner,given,productio,private_s,0,0,t,given,160,0,reject
M,29.50,0.58,owner,given,productio,private_s,0,1,f,given,340,2803,reject
F,46.08,3.00,owner,given,creative_,private_s,2,8,t,given,396,4159,accept
F,33.08,4.62,owner,given,office_st,governmen,1,2,f,given,0,0,accept
F,47.42,3.00,owner,given,professio,private_s,13,2,t,given,519,1704,accept
M,40.58,1.50,owner,given,guard_etc,self_empl,0,0,f,oth_inst_,300,0,reject
F,38.75,1.50,owner,given,unemploye,unemploye,0,0,f,given,76,0,reject
M,22.83,3.00,owner,given,manager,private_s,1,1,f,given,260,800,accept
M,34.17,9.17,owner,given,creative_,private_s,4,12,t,given,0,221,accept
M,19.50,9.58,owner,given,sales,private_s,0,0,f,given,80,350,reject
M,27.25,0.62,owner,given,sales,private_s,0,0,t,given,200,0,reject
M,20.00,11.04,owner,given,creative_,private_s,2,0,t,given,136,0,reject
F,29.50,1.08,rent,not_given,professio,private_s,1,0,f,given,280,13,reject
M,23.75,0.41,rent,not_given,creative_,private_s,0,2,f,given,128,6,reject
F,23.25,5.87,owner,given,office_st,private_s,3,10,f,given,120,245,accept
F,50.25,0.83,owner,given,sales,private_s,0,0,t,given,240,117,reject
F,23.00,1.83,owner,given,labourer,private_s,0,1,f,given,200,53,reject
F,19.58,0.66,owner,given,productio,private_s,1,0,f,given,220,5,reject
F,28.08,15.00,rent,not_given,executive,retired,0,0,f,given,0,13212,accept
M,25.67,2.21,rent,not_given,sales,private_s,4,0,f,given,188,0,reject
M,57.83,7.04,owner,given,manager,private_s,14,6,t,given,360,1332,accept
M,37.50,1.75,rent,not_given,creative_,self_empl,0,0,t,given,164,400,reject
F,15.75,0.37,owner,given,creative_,private_s,1,0,f,given,120,18,reject
M,24.58,12.50,owner,given,productio,private_s,0,0,t,given,260,0,reject
M,43.08,0.37,rent,not_given,creative_,private_s,0,8,t,given,300,162,accept
M,21.50,9.75,owner,given,creative_,private_s,0,0,f,given,140,0,reject
F,18.92,9.25,rent,not_given,creative_,private_s,1,4,t,given,80,500,accept
M,36.67,2.00,owner,given,guard_etc,private_s,0,0,t,given,221,0,reject
M,26.00,1.00,owner,given,office_st,private_s,1,0,t,given,280,0,accept
M,29.83,3.50,owner,given,creative_,private_s,0,0,f,given,216,0,reject
M,42.00,0.20,owner,given,guard_etc,governmen,5,0,f,given,400,0,accept
M,42.83,1.25,owner,given,manager,private_s,13,1,t,given,352,112,reject
M,25.00,11.25,owner,given,creative_,private_s,2,17,f,given,200,1208,accept
F,25.00,0.87,owner,given,professio,governmen,1,0,t,given,160,5860,accept
M,22.67,1.58,rent,not_given,productio,private_s,3,6,f,given,80,0,accept
M,32.08,4.00,owner,given,manager,private_s,2,0,t,given,360,0,accept
F,21.50,6.00,owner,given,sales,private_s,2,3,f,given,80,918,accept
M,76.75,22.29,owner,given,executive,retired,12,1,t,given,0,109,accept
M,39.83,0.50,owner,given,manager,private_s,0,0,f,oth_inst_,288,0,reject
M,41.33,0.00,owner,given,creative_,self_empl,15,0,f,given,0,0,accept
M,32.33,3.50,owner,given,labourer,private_s,0,0,t,given,232,0,reject
M,25.33,0.58,owner,given,creative_,private_s,0,7,t,given,96,5124,accept
M,26.75,4.50,rent,not_given,creative_,self_empl,2,0,f,given,200,1210,reject
M,30.17,1.08,rent,not_given,creative_,private_s,0,0,f,given,170,179,reject
M,19.33,10.91,owner,given,creative_,self_empl,0,2,t,given,200,7,reject
F,29.50,0.46,owner,given,labourer,private_s,0,4,f,given,380,500,accept
M,32.83,2.50,owner,given,semi_pro,governmen,2,6,f,given,160,2072,accept
M,22.75,11.00,owner,given,office_st,private_s,2,7,t,given,100,809,accept
M,47.33,6.50,owner,given,creative_,private_s,1,0,t,given,0,228,reject
M,35.25,16.50,rent,not_given,creative_,private_s,4,0,f,given,80,0,reject
M,37.75,7.00,owner,given,office_st,governmen,11,7,t,given,300,5,reject
F,22.50,8.46,rent,not_given,professio,private_s,2,0,f,given,164,0,accept
F,22.83,2.29,owner,given,office_st,governmen,2,7,t,given,140,2384,accept
M,22.67,10.50,owner,given,office_st,governmen,1,0,f,given,100,0,accept
M,39.17,1.62,owner,given,creative_,private_s,1,10,f,given,186,4700,accept
M,48.33,12.00,owner,given,manager,private_s,16,0,f,oth_inst_,110,0,accept
M,26.67,2.71,rent,not_given,semi_pro,private_s,5,1,f,given,211,0,accept
M,37.42,2.04,owner,given,productio,private_s,0,0,t,given,400,5800,accept
M,29.17,3.50,owner,given,productio,private_s,3,3,t,given,329,0,reject
F,52.17,0.00,rent,not_given,unemploye,unemploye,0,0,f,given,0,0,reject
M,20.17,9.25,owner,given,creative_,private_s,1,3,t,given,40,28,accept
M,26.67,14.58,owner,given,guard_etc,self_empl,0,0,t,given,178,0,reject
M,36.08,2.54,owner,given,unemploye,unemploye,0,0,f,given,0,1000,reject
M,28.67,14.50,owner,given,driver,private_s,0,0,f,given,0,286,reject
F,24.58,0.67,owner,given,sales,governmen,1,0,f,given,400,0,reject
M,41.75,0.96,owner,given,professio,private_s,2,0,f,given,510,600,accept
M,22.17,2.25,owner,given,guard_etc,private_s,0,0,f,given,160,10,reject
M,32.33,7.50,owner,given,executive,self_empl,1,0,t,oth_inst_,420,0,reject
M,48.50,4.25,owner,given,manager,private_s,0,0,t,given,225,0,accept
M,47.67,0.29,owner,given,creative_,self_empl,15,20,f,given,0,15000,accept
M,26.33,13.00,owner,given,executive,student,0,0,t,given,140,1110,reject
M,54.83,15.50,owner,given,executive,retired,0,20,f,given,152,130,reject
M,21.50,11.50,owner,given,guard_etc,private_s,0,0,t,given,100,68,reject
M,19.33,9.50,owner,given,office_st,private_s,1,0,t,given,60,400,accept
M,23.00,0.75,owner,given,manager,private_s,0,0,t,oth_inst_,320,0,reject
F,41.00,2.04,rent,not_given,office_st,governmen,0,23,t,given,455,1236,accept
M,17.42,6.50,owner,given,guard_etc,private_s,0,0,f,given,60,100,reject
M,23.25,4.00,owner,given,creative_,self_empl,0,0,t,given,160,0,accept
M,33.67,1.25,owner,given,productio,private_s,1,0,f,given,120,0,reject
M,48.25,25.08,owner,given,productio,private_s,1,3,f,given,120,14,accept
M,33.75,2.75,owner,given,guard_etc,self_empl,0,0,f,given,180,0,reject
M,34.92,2.50,owner,given,productio,private_s,0,0,t,given,239,200,accept
M,39.92,6.21,owner,given,office_st,private_s,0,1,f,given,200,300,accept
M,63.33,0.54,owner,given,creative_,private_s,0,3,t,given,180,0,reject
M,17.25,3.00,owner,given,labourer,private_s,0,0,t,given,160,40,reject
M,42.75,4.08,owner,given,sales,private_s,0,0,f,given,108,100,reject
F,45.83,10.50,owner,given,office_st,private_s,5,7,t,given,0,0,accept
M,18.50,2.00,owner,given,guard_etc,private_s,1,2,f,given,120,300,accept
M,21.17,0.00,owner,given,creative_,private_s,0,0,t,oth_inst_,0,0,reject
F,23.42,0.79,rent,not_given,office_st,private_s,1,2,t,given,80,400,accept
M,65.42,11.00,owner,given,executive,retired,20,7,t,given,22,0,accept
M,29.67,1.41,owner,given,productio,governmen,0,1,f,given,240,100,accept
F,28.75,3.75,owner,given,creative_,private_s,1,1,t,given,371,0,accept
M,18.08,6.75,rent,not_given,manager,private_s,0,0,f,given,140,0,reject
M,74.83,19.00,rent,not_given,unemploye,unemploye,0,2,f,given,0,351,reject
F,23.75,0.71,owner,given,productio,private_s,0,1,t,given,240,4,reject
M,23.08,2.50,owner,given,creative_,private_s,1,11,t,given,60,2184,accept
M,60.08,14.50,owner,given,unemploye,unemploye,18,15,t,given,0,1000,accept
M,43.17,5.00,owner,given,guard_etc,self_empl,2,0,t,given,141,0,reject
M,43.17,2.25,owner,given,guard_etc,self_empl,0,0,f,given,560,0,reject
F,30.58,10.66,owner,given,office_st,governmen,0,12,t,given,129,3,reject
F,16.33,0.21,owner,given,sales,private_s,0,0,f,given,200,1,reject
F,31.92,3.12,owner,given,unemploye,unemploye,3,2,t,given,200,4,reject
M,34.75,2.50,owner,given,semi_pro,self_empl,0,0,f,given,348,0,reject
M,30.75,1.58,owner,given,driver,private_s,0,0,t,oth_inst_,0,0,reject
M,23.25,1.00,owner,given,creative_,private_s,0,0,f,oth_inst_,300,0,accept
M,31.67,16.16,owner,given,driver,private_s,3,9,f,given,250,730,accept
F,15.92,2.87,owner,given,office_st,private_s,0,0,f,given,120,0,reject
M,16.33,2.75,owner,given,sales,private_s,0,1,f,given,80,21,reject
F,19.50,0.16,owner,given,office_st,private_s,0,0,t,given,380,0,reject
F,60.58,16.50,owner,given,office_st,private_s,11,0,t,given,21,10561,accept
M,40.92,0.50,rent,not_given,manager,private_s,0,0,t,given,130,0,reject
F,44.17,6.66,owner,given,office_st,private_s,7,3,t,given,0,0,accept
M,32.08,4.00,rent,not_given,semi_pro,private_s,1,0,t,given,120,0,reject
F,18.58,10.00,owner,given,driver,private_s,0,0,f,given,80,42,reject
F,64.08,0.16,owner,given,unemploye,unemploye,0,1,f,given,232,100,accept
F,52.50,7.00,owner,given,sales,governmen,3,0,f,given,0,0,reject
M,27.75,0.58,rent,not_given,semi_pro,private_s,0,2,f,given,260,500,accept
M,31.67,0.83,owner,given,professio,private_s,1,8,t,given,303,3290,accept
M,26.25,1.54,owner,given,productio,private_s,0,0,f,given,100,0,reject
M,33.17,3.16,rent,not_given,professio,private_s,3,3,t,given,380,0,accept
M,18.67,5.00,owner,given,office_st,private_s,0,2,f,given,0,38,reject
M,31.08,3.08,owner,given,creative_,private_s,2,2,t,given,160,41,reject
M,23.42,0.58,owner,given,creative_,governmen,0,0,f,given,180,0,reject
F,57.08,19.50,owner,given,creative_,private_s,5,7,f,given,0,3000,accept
M,21.92,0.50,owner,given,creative_,private_s,0,0,f,given,360,0,reject
F,16.00,0.16,owner,given,sales,private_s,1,2,t,given,320,1,reject
M,25.17,6.00,owner,given,creative_,private_s,1,3,f,given,0,0,accept
M,49.58,19.00,owner,given,unemploye,unemploye,0,1,f,given,94,0,reject
M,32.67,9.00,rent,not_given,productio,governmen,5,0,t,given,154,0,accept
M,44.25,0.50,owner,given,manager,private_s,10,0,f,oth_inst_,400,0,reject
M,48.17,7.62,owner,given,productio,governmen,15,12,f,given,0,790,accept
M,30.33,0.50,owner,given,driver,governmen,0,0,t,oth_inst_,252,0,reject
M,17.58,10.00,owner,given,productio,governmen,0,1,f,given,120,1,reject
F,47.25,0.75,owner,given,office_st,governmen,2,1,f,given,333,892,accept
M,40.92,0.83,owner,given,unemploye,unemploye,0,0,f,given,130,1,reject
M,25.58,0.33,owner,given,labourer,governmen,3,0,t,given,340,0,reject
M,22.08,11.46,owner,given,labourer,private_s,1,0,t,given,100,1212,reject
F,49.83,13.58,owner,given,labourer,governmen,8,0,t,given,0,0,accept
F,38.92,1.66,owner,given,sales,private_s,0,0,f,given,0,390,reject
F,20.42,10.50,rent,not_given,professio,governmen,0,0,t,given,154,32,reject
F,20.83,0.50,rent,not_given,executive,student,1,0,f,given,260,0,reject
F,25.25,13.50,rent,not_given,unemploye,unemploye,2,1,t,given,200,1,reject
M,23.92,0.66,owner,given,creative_,private_s,0,0,f,given,100,0,accept
M,41.92,0.42,owner,given,creative_,governmen,0,6,f,given,220,948,accept
M,28.33,5.00,owner,given,productio,private_s,11,0,t,given,70,0,accept
F,26.17,2.00,owner,given,labourer,private_s,0,0,t,given,276,1,reject
M,20.50,10.00,rent,not_given,creative_,private_s,2,0,f,oth_inst_,40,0,accept
M,22.58,1.50,rent,not_given,sales,private_s,0,0,t,given,120,67,reject
F,28.50,1.00,owner,given,office_st,private_s,1,2,t,given,167,500,reject
M,54.42,0.50,rent,not_given,labourer,governmen,3,0,f,given,180,314,accept
M,19.42,7.25,owner,given,manager,private_s,0,1,f,given,100,1,reject
M,28.67,9.33,owner,given,office_st,governmen,5,6,f,given,381,168,accept
F,18.83,9.54,owner,given,sales,private_s,0,0,f,given,100,0,accept
M,59.50,2.75,owner,given,productio,private_s,1,5,t,given,60,58,accept
F,24.50,0.50,owner,given,office_st,governmen,1,0,f,given,280,824,accept
M,44.33,0.50,owner,given,guard_etc,governmen,5,0,t,given,320,0,accept
M,47.67,2.50,owner,given,manager,self_empl,2,12,t,given,410,2510,accept
M,18.17,2.46,owner,given,creative_,military,0,2,t,given,160,587,reject
M,20.75,5.08,rent,not_given,labourer,private_s,0,0,f,given,140,184,reject
M,27.25,1.58,owner,given,semi_pro,governmen,1,12,t,given,583,713,accept
M,34.92,5.00,owner,given,professio,governmen,7,6,t,given,0,1000,accept
F,58.67,4.46,owner,given,office_st,governmen,3,6,f,given,43,560,accept
M,20.67,1.25,rent,not_given,creative_,governmen,1,3,t,given,140,210,reject
M,25.67,0.29,rent,not_given,creative_,private_s,1,0,t,given,160,0,reject
M,36.17,0.42,rent,not_given,productio,private_s,0,0,t,given,309,2,reject
F,32.17,1.46,owner,given,productio,private_s,1,16,f,given,120,2079,accept
M,21.17,0.25,rent,not_given,creative_,governmen,0,0,f,given,280,204,reject
M,20.42,1.08,owner,given,office_st,private_s,1,0,f,given,108,7,reject
M,40.25,21.50,owner,given,executive,retired,20,11,f,given,0,1200,accept
M,20.67,0.41,owner,given,creative_,private_s,0,0,f,given,0,44,reject
M,67.75,5.50,owner,given,executive,retired,13,1,t,given,0,0,accept
M,31.00,2.08,owner,given,creative_,private_s,0,0,f,given,300,0,reject
F,26.58,2.54,rent,not_given,unemploye,unemploye,0,0,t,given,180,60,reject
M,30.08,1.04,rent,not_given,guard_etc,self_empl,0,10,t,given,132,28,reject
F,26.92,13.50,owner,given,office_st,governmen,5,2,f,given,0,5000,accept
M,48.75,8.50,owner,given,creative_,governmen,12,9,f,given,181,1655,accept
F,24.50,1.75,rent,not_given,creative_,private_s,0,0,f,given,132,0,reject
M,21.67,1.16,rent,not_given,labourer,private_s,2,1,f,given,180,20,reject
F,24.33,2.50,rent,not_given,guard_etc,self_empl,4,0,f,given,200,456,reject
F,23.50,9.00,owner,given,office_st,private_s,8,5,t,given,120,0,accept
F,30.00,5.29,owner,given,executive,student,2,5,t,given,99,500,accept
F,20.33,10.00,owner,given,creative_,governmen,1,4,f,given,50,1465,accept
F,46.00,4.00,owner,given,labourer,private_s,0,0,f,given,100,960,accept
M,34.67,1.08,owner,given,manager,private_s,1,0,f,oth_inst_,28,0,reject
F,24.50,2.41,rent,not_given,creative_,private_s,0,0,f,given,120,0,reject
F,29.58,1.75,rent,not_given,labourer,private_s,1,0,t,given,280,0,reject
F,25.33,2.08,owner,given,creative_,governmen,2,0,t,given,360,1,reject
M,29.83,2.04,rent,not_given,professio,governmen,0,0,f,given,128,1,reject
F,18.25,10.00,owner,given,productio,private_s,1,1,f,given,120,1,reject
M,25.83,12.83,owner,given,semi_pro,private_s,0,0,f,given,0,2,reject
M,25.17,3.00,owner,given,creative_,private_s,1,1,f,given,0,22,reject
F,20.75,10.25,owner,given,office_st,private_s,0,2,t,given,49,0,accept
M,18.08,5.50,owner,given,labourer,private_s,0,0,f,given,80,0,accept
M,37.33,6.50,owner,given,manager,governmen,4,12,t,given,93,0,accept
F,53.33,0.16,owner,given,unemploye,unemploye,0,0,t,oth_inst_,62,27,reject
M,31.25,1.12,owner,given,unemploye,unemploye,0,1,f,given,96,19,reject
M,36.50,4.25,owner,given,office_st,private_s,3,0,f,given,454,50,reject
M,22.17,0.58,rent,not_given,unemploye,unemploye,0,0,f,given,100,0,reject
M,43.00,0.29,rent,not_given,semi_pro,governmen,1,8,f,given,100,375,accept
M,52.33,1.37,rent,not_given,creative_,governmen,9,0,t,given,200,100,reject
M,21.83,0.25,owner,given,driver,governmen,0,0,t,given,0,0,accept
M,25.67,3.25,owner,given,creative_,governmen,2,1,t,given,416,21,reject
F,22.67,0.75,owner,given,creative_,private_s,2,2,t,given,200,394,reject
F,33.67,0.37,owner,given,semi_pro,private_s,0,0,f,given,300,44,accept
F,21.67,11.50,rent,not_given,labourer,private_s,0,11,t,given,0,0,accept
M,62.75,7.00,owner,given,executive,retired,0,0,f,given,0,12,reject
M,23.33,11.62,rent,not_given,productio,private_s,0,0,t,given,160,300,accept
M,31.33,19.50,owner,given,creative_,private_s,7,16,f,given,0,5000,accept
M,25.00,12.00,owner,given,labourer,private_s,2,2,t,given,120,5,reject
M,40.58,3.29,owner,given,manager,private_s,3,0,t,oth_inst_,400,0,reject
M,25.75,0.75,owner,given,creative_,self_empl,0,0,f,given,349,23,accept
M,49.50,7.58,owner,given,guard_etc,self_empl,7,15,t,given,0,5000,accept
M,18.25,0.16,owner,given,driver,private_s,0,0,t,oth_inst_,280,0,reject
F,38.33,4.41,owner,given,creative_,private_s,0,0,f,given,160,0,reject
M,44.83,7.00,rent,not_given,creative_,private_s,1,0,f,given,160,2,reject
M,31.58,0.75,rent,not_given,sales,private_s,3,0,t,given,320,0,reject
M,25.92,0.87,owner,given,labourer,private_s,0,2,t,given,174,3,reject
M,42.75,3.00,owner,given,guard_etc,self_empl,1,0,f,given,0,200,reject
M,17.08,0.08,rent,not_given,creative_,private_s,0,0,f,given,140,722,reject
M,28.17,0.12,rent,not_given,labourer,private_s,0,0,f,given,216,2100,reject
M,17.92,0.20,owner,given,sales,private_s,0,0,f,given,280,750,reject
M,25.42,0.54,owner,given,productio,private_s,0,1,f,given,272,444,reject
M,30.67,2.50,owner,given,semi_pro,governmen,2,0,t,oth_inst_,340,0,reject
M,34.17,2.75,owner,given,guard_etc,self_empl,2,0,t,given,232,200,reject
F,22.25,1.25,rent,not_given,unemploye,unemploye,3,0,f,given,280,0,reject
M,23.33,1.50,owner,given,creative_,governmen,1,0,f,given,422,200,accept
M,21.00,4.79,rent,not_given,productio,private_s,2,1,t,given,80,300,accept
M,27.75,1.29,owner,given,labourer,governmen,0,0,t,oth_inst_,140,0,reject
